task_name,Q16shared_knowledge,Q9divisible_unitary,Q22confl_tradeoffs,Q13outcome_multip,Q14sol_scheme_mul,Q23ss_out_uncert,Q6type_5_cc,Q11optimizing,Q8type_8_performance,Q10maximizing,Q19time_solvability,Q3type_1_planning,Q17within_sys_sol,Q20type_3_type_4,Q15dec_verifiability,Q18sol_eureka,Q1concept_behav,Q4type_2_generate,Q7type_7_battle
Euclidean traveling salesperson,1,0.5,0.75,0.75,0.75,0.75,0.75,1,1,0.75,0.75,0.5,1,1,0.75,0.75,1,1,1
Recall videos,0.6666666666666667,0.5,0.6666666666666667,0.6666666666666666,0.6666666666666666,1,0.6666666666666667,0.6666666666666666,1,1,1,1,0.6666666666666667,0.6666666666666667,1,1,1,1,1
Ravens Matrices,0.5,0.5,1,1,0.5,0.5,1,0.5,0.5,1,1,1,1,1,1,1,1,1,1
Wildcat Wells,0.5,1,0.5,0.5,1,1,0.75,0.6666666666666666,0.6666666666666667,0.75,0.75,1,1,1,1,1,1,1,1
9 Dot Problem,0.5,1,0.5,1,0.5,0.5,1,1,1,1,1,1,1,1,1,1,1,1,1
Graph coloring task,1,0.6666666666666667,0.8333333333333334,0.5,1,0.8333333333333334,0.5,1,1,1,1,1,1,1,1,1,1,1,1
Estimating pages of a book,0.5,1,1,1,1,1,1,1,1,1,1,1,1,1,1,1,1,1,1
